{
  "posts": [
    {
      "id": 1,
      "title": "json-server",
      "author": "typicode"
    }
  ],
  "Trains": [
    
    {
      "id": 1,
      "trainName": "Chennai Exp",
      "trainNumber":5000,
      "departureTime": {
        "Hours": 21,
        "Minutes": 35,
        "Seconds": 0
      },
      "seatsAvailable": {
        "sleeper": 3,
        "AC": 1
      },
      "price": {
        "sleeper": 2000,
        "AC": 5000
      },
      "delayedBy": 15
    },
    {
      "id": 2,
      "trainName": "Madurai exp",
      "trainNumber":5001,
      "departureTime": {
        "Hours": 12,
        "Minutes": 45,
        "Seconds": 12
      },
      "seatsAvailable": {
        "sleeper": 5,
        "AC": 6
      },
      "price": {
        "sleeper": 2067,
        "AC": 5056
      },
      "delayedBy": 10
    }
  ],
  "company": [
    {
      "companyName": "Train Central",
      "ownerName": "Praveen Solomon",
      "rollNo": "20bad039",
      "ownerEmail": "satheeshamalan1977_ai@mepcoeng.ac.in",
      "accessCode": "uzytMO"
    }
  ]
}